Entity,iso_code,Year,"PM2.5 air pollution, population exposed to levels exceeding WHO guideline value (% of total)"
Afghanistan,AFG,1990,100
Afghanistan,AFG,1995,100
Afghanistan,AFG,2000,100
Afghanistan,AFG,2005,100
Afghanistan,AFG,2010,100
Afghanistan,AFG,2011,100
Afghanistan,AFG,2012,100
Afghanistan,AFG,2013,100
Afghanistan,AFG,2014,100
Afghanistan,AFG,2015,100
Afghanistan,AFG,2016,100
Afghanistan,AFG,2017,100
Albania,ALB,1990,100
Albania,ALB,1995,100
Albania,ALB,2000,100
Albania,ALB,2005,100
Albania,ALB,2010,100
Albania,ALB,2011,100
Albania,ALB,2012,100
Albania,ALB,2013,100
Albania,ALB,2014,100
Albania,ALB,2015,100
Albania,ALB,2016,100
Albania,ALB,2017,100
Algeria,DZA,1990,100
Algeria,DZA,1995,100
Algeria,DZA,2000,100
Algeria,DZA,2005,100
Algeria,DZA,2010,100
Algeria,DZA,2011,100
Algeria,DZA,2012,100
Algeria,DZA,2013,100
Algeria,DZA,2014,100
Algeria,DZA,2015,100
Algeria,DZA,2016,100
Algeria,DZA,2017,100
American Samoa,ASM,1990,100
American Samoa,ASM,1995,100
American Samoa,ASM,2000,100
American Samoa,ASM,2005,100
American Samoa,ASM,2010,100
American Samoa,ASM,2011,100
American Samoa,ASM,2012,100
American Samoa,ASM,2013,100
American Samoa,ASM,2014,100
American Samoa,ASM,2015,100
American Samoa,ASM,2016,100
American Samoa,ASM,2017,100
Andorra,AND,1990,100
Andorra,AND,1995,99.984215
Andorra,AND,2000,99.957436
Andorra,AND,2005,100
Andorra,AND,2010,99.956635
Andorra,AND,2011,100
Andorra,AND,2012,99.95599
Andorra,AND,2013,97.68596
Andorra,AND,2014,16.59898
Andorra,AND,2015,90.84806
Andorra,AND,2016,17.419558
Andorra,AND,2017,17.82446
Angola,AGO,1990,100
Angola,AGO,1995,100
Angola,AGO,2000,100
Angola,AGO,2005,100
Angola,AGO,2010,100
Angola,AGO,2011,100
Angola,AGO,2012,100
Angola,AGO,2013,100
Angola,AGO,2014,100
Angola,AGO,2015,100
Angola,AGO,2016,100
Angola,AGO,2017,100
Antigua and Barbuda,ATG,1990,100
Antigua and Barbuda,ATG,1995,100
Antigua and Barbuda,ATG,2000,100
Antigua and Barbuda,ATG,2005,100
Antigua and Barbuda,ATG,2010,100
Antigua and Barbuda,ATG,2011,100
Antigua and Barbuda,ATG,2012,100
Antigua and Barbuda,ATG,2013,100
Antigua and Barbuda,ATG,2014,100
Antigua and Barbuda,ATG,2015,100
Antigua and Barbuda,ATG,2016,100
Antigua and Barbuda,ATG,2017,100
Argentina,ARG,1990,99.6067
Argentina,ARG,1995,99.58096
Argentina,ARG,2000,99.54997
Argentina,ARG,2005,99.41151
Argentina,ARG,2010,99.44764
Argentina,ARG,2011,99.53041
Argentina,ARG,2012,99.21769
Argentina,ARG,2013,99.02647
Argentina,ARG,2014,98.314064
Argentina,ARG,2015,98.02193
Argentina,ARG,2016,94.13946
Argentina,ARG,2017,93.85282
Armenia,ARM,1990,100
Armenia,ARM,1995,100
Armenia,ARM,2000,100
Armenia,ARM,2005,100
Armenia,ARM,2010,100
Armenia,ARM,2011,100
Armenia,ARM,2012,100
Armenia,ARM,2013,100
Armenia,ARM,2014,100
Armenia,ARM,2015,100
Armenia,ARM,2016,100
Armenia,ARM,2017,100
Australia,AUS,1990,31.883404
Australia,AUS,1995,31.610159
Australia,AUS,2000,33.83207
Australia,AUS,2005,33.49242
Australia,AUS,2010,32.970974
Australia,AUS,2011,36.32342
Australia,AUS,2012,30.654543
Australia,AUS,2013,28.27406
Australia,AUS,2014,27.105515
Australia,AUS,2015,26.046667
Australia,AUS,2016,24.90421
Australia,AUS,2017,24.893583
Austria,AUT,1990,99.65557
Austria,AUT,1995,99.23246
Austria,AUT,2000,98.67843
Austria,AUT,2005,99.1483
Austria,AUT,2010,98.45154
Austria,AUT,2011,99.25717
Austria,AUT,2012,97.41014
Austria,AUT,2013,95.76836
Austria,AUT,2014,93.785675
Austria,AUT,2015,91.474464
Austria,AUT,2016,85.01594
Austria,AUT,2017,85.05154
Azerbaijan,AZE,1990,100
Azerbaijan,AZE,1995,100
Azerbaijan,AZE,2000,100
Azerbaijan,AZE,2005,100
Azerbaijan,AZE,2010,100
Azerbaijan,AZE,2011,100
Azerbaijan,AZE,2012,100
Azerbaijan,AZE,2013,100
Azerbaijan,AZE,2014,100
Azerbaijan,AZE,2015,100
Azerbaijan,AZE,2016,100
Azerbaijan,AZE,2017,100
Bahamas,BHS,1990,100
Bahamas,BHS,1995,100
Bahamas,BHS,2000,100
Bahamas,BHS,2005,100
Bahamas,BHS,2010,100
Bahamas,BHS,2011,100
Bahamas,BHS,2012,100
Bahamas,BHS,2013,100
Bahamas,BHS,2014,100
Bahamas,BHS,2015,100
Bahamas,BHS,2016,100
Bahamas,BHS,2017,100
Bahrain,BHR,1990,100
Bahrain,BHR,1995,100
Bahrain,BHR,2000,100
Bahrain,BHR,2005,100
Bahrain,BHR,2010,100
Bahrain,BHR,2011,100
Bahrain,BHR,2012,100
Bahrain,BHR,2013,100
Bahrain,BHR,2014,100
Bahrain,BHR,2015,100
Bahrain,BHR,2016,100
Bahrain,BHR,2017,100
Bangladesh,BGD,1990,100
Bangladesh,BGD,1995,100
Bangladesh,BGD,2000,100
Bangladesh,BGD,2005,100
Bangladesh,BGD,2010,100
Bangladesh,BGD,2011,100
Bangladesh,BGD,2012,100
Bangladesh,BGD,2013,100
Bangladesh,BGD,2014,100
Bangladesh,BGD,2015,100
Bangladesh,BGD,2016,100
Bangladesh,BGD,2017,100
Barbados,BRB,1990,100
Barbados,BRB,1995,100
Barbados,BRB,2000,100
Barbados,BRB,2005,100
Barbados,BRB,2010,100
Barbados,BRB,2011,100
Barbados,BRB,2012,100
Barbados,BRB,2013,100
Barbados,BRB,2014,100
Barbados,BRB,2015,100
Barbados,BRB,2016,100
Barbados,BRB,2017,100
Belarus,BLR,1990,100
Belarus,BLR,1995,100
Belarus,BLR,2000,100
Belarus,BLR,2005,100
Belarus,BLR,2010,100
Belarus,BLR,2011,100
Belarus,BLR,2012,100
Belarus,BLR,2013,100
Belarus,BLR,2014,100
Belarus,BLR,2015,100
Belarus,BLR,2016,100
Belarus,BLR,2017,99.93135
Belgium,BEL,1990,99.869095
Belgium,BEL,1995,99.636894
Belgium,BEL,2000,99.27541
Belgium,BEL,2005,98.99788
Belgium,BEL,2010,99.49559
Belgium,BEL,2011,99.354744
Belgium,BEL,2012,98.42811
Belgium,BEL,2013,96.80229
Belgium,BEL,2014,94.48915
Belgium,BEL,2015,95.10435
Belgium,BEL,2016,91.789116
Belgium,BEL,2017,91.94854
Belize,BLZ,1990,100
Belize,BLZ,1995,100
Belize,BLZ,2000,100
Belize,BLZ,2005,100
Belize,BLZ,2010,100
Belize,BLZ,2011,100
Belize,BLZ,2012,100
Belize,BLZ,2013,100
Belize,BLZ,2014,100
Belize,BLZ,2015,100
Belize,BLZ,2016,100
Belize,BLZ,2017,100
Benin,BEN,1990,100
Benin,BEN,1995,100
Benin,BEN,2000,100
Benin,BEN,2005,100
Benin,BEN,2010,100
Benin,BEN,2011,100
Benin,BEN,2012,100
Benin,BEN,2013,100
Benin,BEN,2014,100
Benin,BEN,2015,100
Benin,BEN,2016,100
Benin,BEN,2017,100
Bermuda,BMU,1990,100
Bermuda,BMU,1995,100
Bermuda,BMU,2000,100
Bermuda,BMU,2005,100
Bermuda,BMU,2010,100
Bermuda,BMU,2011,100
Bermuda,BMU,2012,100
Bermuda,BMU,2013,100
Bermuda,BMU,2014,100
Bermuda,BMU,2015,100
Bermuda,BMU,2016,100
Bermuda,BMU,2017,100
Bhutan,BTN,1990,100
Bhutan,BTN,1995,100
Bhutan,BTN,2000,100
Bhutan,BTN,2005,100
Bhutan,BTN,2010,100
Bhutan,BTN,2011,100
Bhutan,BTN,2012,100
Bhutan,BTN,2013,100
Bhutan,BTN,2014,100
Bhutan,BTN,2015,100
Bhutan,BTN,2016,100
Bhutan,BTN,2017,100
Bolivia,BOL,1990,100
Bolivia,BOL,1995,100
Bolivia,BOL,2000,100
Bolivia,BOL,2005,100
Bolivia,BOL,2010,100
Bolivia,BOL,2011,100
Bolivia,BOL,2012,100
Bolivia,BOL,2013,100
Bolivia,BOL,2014,100
Bolivia,BOL,2015,99.99973
Bolivia,BOL,2016,99.99748
Bolivia,BOL,2017,99.99913
Bosnia and Herzegovina,BIH,1990,100
Bosnia and Herzegovina,BIH,1995,100
Bosnia and Herzegovina,BIH,2000,100
Bosnia and Herzegovina,BIH,2005,100
Bosnia and Herzegovina,BIH,2010,100
Bosnia and Herzegovina,BIH,2011,100
Bosnia and Herzegovina,BIH,2012,100
Bosnia and Herzegovina,BIH,2013,100
Bosnia and Herzegovina,BIH,2014,100
Bosnia and Herzegovina,BIH,2015,100
Bosnia and Herzegovina,BIH,2016,99.955444
Bosnia and Herzegovina,BIH,2017,99.95524
Botswana,BWA,1990,100
Botswana,BWA,1995,100
Botswana,BWA,2000,100
Botswana,BWA,2005,100
Botswana,BWA,2010,100
Botswana,BWA,2011,100
Botswana,BWA,2012,100
Botswana,BWA,2013,100
Botswana,BWA,2014,100
Botswana,BWA,2015,100
Botswana,BWA,2016,100
Botswana,BWA,2017,100
Brazil,BRA,1990,88.99533
Brazil,BRA,1995,89.49138
Brazil,BRA,2000,90.791405
Brazil,BRA,2005,89.78408
Brazil,BRA,2010,90.938126
Brazil,BRA,2011,91.928375
Brazil,BRA,2012,86.82923
Brazil,BRA,2013,85.33472
Brazil,BRA,2014,77.11647
Brazil,BRA,2015,74.92775
Brazil,BRA,2016,67.95256
Brazil,BRA,2017,68.13503
Brunei,BRN,1990,0
Brunei,BRN,1995,0
Brunei,BRN,2000,0
Brunei,BRN,2005,1.7621386
Brunei,BRN,2010,1.7672445
Brunei,BRN,2011,1.7679201
Brunei,BRN,2012,1.7685177
Brunei,BRN,2013,0
Brunei,BRN,2014,0
Brunei,BRN,2015,0
Brunei,BRN,2016,0
Brunei,BRN,2017,0
Bulgaria,BGR,1990,99.95466
Bulgaria,BGR,1995,99.95383
Bulgaria,BGR,2000,99.96194
Bulgaria,BGR,2005,99.96311
Bulgaria,BGR,2010,99.964386
Bulgaria,BGR,2011,99.96465
Bulgaria,BGR,2012,99.964935
Bulgaria,BGR,2013,99.96528
Bulgaria,BGR,2014,99.965706
Bulgaria,BGR,2015,99.96623
Bulgaria,BGR,2016,99.89349
Bulgaria,BGR,2017,99.89468
Burkina Faso,BFA,1990,100
Burkina Faso,BFA,1995,100
Burkina Faso,BFA,2000,100
Burkina Faso,BFA,2005,100
Burkina Faso,BFA,2010,100
Burkina Faso,BFA,2011,100
Burkina Faso,BFA,2012,100
Burkina Faso,BFA,2013,100
Burkina Faso,BFA,2014,100
Burkina Faso,BFA,2015,100
Burkina Faso,BFA,2016,100
Burkina Faso,BFA,2017,100
Burundi,BDI,1990,100
Burundi,BDI,1995,100
Burundi,BDI,2000,100
Burundi,BDI,2005,100
Burundi,BDI,2010,100
Burundi,BDI,2011,100
Burundi,BDI,2012,100
Burundi,BDI,2013,100
Burundi,BDI,2014,100
Burundi,BDI,2015,100
Burundi,BDI,2016,100
Burundi,BDI,2017,100
Cambodia,KHM,1990,100
Cambodia,KHM,1995,100
Cambodia,KHM,2000,100
Cambodia,KHM,2005,100
Cambodia,KHM,2010,100
Cambodia,KHM,2011,100
Cambodia,KHM,2012,100
Cambodia,KHM,2013,100
Cambodia,KHM,2014,100
Cambodia,KHM,2015,100
Cambodia,KHM,2016,100
Cambodia,KHM,2017,100
Cameroon,CMR,1990,100
Cameroon,CMR,1995,100
Cameroon,CMR,2000,100
Cameroon,CMR,2005,100
Cameroon,CMR,2010,100
Cameroon,CMR,2011,100
Cameroon,CMR,2012,100
Cameroon,CMR,2013,100
Cameroon,CMR,2014,100
Cameroon,CMR,2015,100
Cameroon,CMR,2016,100
Cameroon,CMR,2017,100
Canada,CAN,1990,16.212915
Canada,CAN,1995,12.912231
Canada,CAN,2000,11.0213175
Canada,CAN,2005,19.602682
Canada,CAN,2010,13.667217
Canada,CAN,2011,18.72082
Canada,CAN,2012,8.338184
Canada,CAN,2013,6.6303267
Canada,CAN,2014,2.0233915
Canada,CAN,2015,0.72555405
Canada,CAN,2016,0
Canada,CAN,2017,0
Cape Verde,CPV,1990,100
Cape Verde,CPV,1995,100
Cape Verde,CPV,2000,100
Cape Verde,CPV,2005,100
Cape Verde,CPV,2010,100
Cape Verde,CPV,2011,100
Cape Verde,CPV,2012,100
Cape Verde,CPV,2013,100
Cape Verde,CPV,2014,100
Cape Verde,CPV,2015,100
Cape Verde,CPV,2016,100
Cape Verde,CPV,2017,100
Central African Republic,CAF,1990,100
Central African Republic,CAF,1995,100
Central African Republic,CAF,2000,100
Central African Republic,CAF,2005,100
Central African Republic,CAF,2010,100
Central African Republic,CAF,2011,100
Central African Republic,CAF,2012,100
Central African Republic,CAF,2013,100
Central African Republic,CAF,2014,100
Central African Republic,CAF,2015,100
Central African Republic,CAF,2016,100
Central African Republic,CAF,2017,100
Chad,TCD,1990,100
Chad,TCD,1995,100
Chad,TCD,2000,100
Chad,TCD,2005,100
Chad,TCD,2010,100
Chad,TCD,2011,100
Chad,TCD,2012,100
Chad,TCD,2013,100
Chad,TCD,2014,100
Chad,TCD,2015,100
Chad,TCD,2016,100
Chad,TCD,2017,100
Chile,CHL,1990,99.350204
Chile,CHL,1995,99.37376
Chile,CHL,2000,99.24497
Chile,CHL,2005,99.2726
Chile,CHL,2010,99.2865
Chile,CHL,2011,99.31976
Chile,CHL,2012,99.299484
Chile,CHL,2013,99.302
Chile,CHL,2014,99.15045
Chile,CHL,2015,98.5763
Chile,CHL,2016,97.59442
Chile,CHL,2017,97.66302
China,CHN,1990,100
China,CHN,1995,100
China,CHN,2000,99.99999
China,CHN,2005,100
China,CHN,2010,100
China,CHN,2011,100
China,CHN,2012,99.99999
China,CHN,2013,99.99999
China,CHN,2014,99.99996
China,CHN,2015,99.999954
China,CHN,2016,99.9983
China,CHN,2017,99.99829
Colombia,COL,1990,99.69689
Colombia,COL,1995,99.75641
Colombia,COL,2000,99.716835
Colombia,COL,2005,99.87708
Colombia,COL,2010,99.87604
Colombia,COL,2011,99.838196
Colombia,COL,2012,99.85618
Colombia,COL,2013,99.35286
Colombia,COL,2014,97.48104
Colombia,COL,2015,96.33815
Colombia,COL,2016,92.74339
Colombia,COL,2017,92.10463
Comoros,COM,1990,100
Comoros,COM,1995,100
Comoros,COM,2000,100
Comoros,COM,2005,100
Comoros,COM,2010,100
Comoros,COM,2011,100
Comoros,COM,2012,100
Comoros,COM,2013,100
Comoros,COM,2014,100
Comoros,COM,2015,100
Comoros,COM,2016,100
Comoros,COM,2017,100
Congo,COG,1990,100
Congo,COG,1995,100
Congo,COG,2000,100
Congo,COG,2005,100
Congo,COG,2010,100
Congo,COG,2011,100
Congo,COG,2012,100
Congo,COG,2013,100
Congo,COG,2014,100
Congo,COG,2015,100
Congo,COG,2016,100
Congo,COG,2017,100
Costa Rica,CRI,1990,100
Costa Rica,CRI,1995,100
Costa Rica,CRI,2000,100
Costa Rica,CRI,2005,100
Costa Rica,CRI,2010,100
Costa Rica,CRI,2011,100
Costa Rica,CRI,2012,100
Costa Rica,CRI,2013,100
Costa Rica,CRI,2014,100
Costa Rica,CRI,2015,99.97999
Costa Rica,CRI,2016,99.717064
Costa Rica,CRI,2017,99.6888
Cote d'Ivoire,CIV,1990,100
Cote d'Ivoire,CIV,1995,100
Cote d'Ivoire,CIV,2000,100
Cote d'Ivoire,CIV,2005,100
Cote d'Ivoire,CIV,2010,100
Cote d'Ivoire,CIV,2011,100
Cote d'Ivoire,CIV,2012,100
Cote d'Ivoire,CIV,2013,100
Cote d'Ivoire,CIV,2014,100
Cote d'Ivoire,CIV,2015,100
Cote d'Ivoire,CIV,2016,100
Cote d'Ivoire,CIV,2017,100
Croatia,HRV,1990,100
Croatia,HRV,1995,100
Croatia,HRV,2000,100
Croatia,HRV,2005,100
Croatia,HRV,2010,100
Croatia,HRV,2011,100
Croatia,HRV,2012,100
Croatia,HRV,2013,100
Croatia,HRV,2014,100
Croatia,HRV,2015,100
Croatia,HRV,2016,99.7807
Croatia,HRV,2017,99.7796
Cuba,CUB,1990,100
Cuba,CUB,1995,100
Cuba,CUB,2000,100
Cuba,CUB,2005,100
Cuba,CUB,2010,100
Cuba,CUB,2011,100
Cuba,CUB,2012,100
Cuba,CUB,2013,100
Cuba,CUB,2014,100
Cuba,CUB,2015,100
Cuba,CUB,2016,100
Cuba,CUB,2017,100
Cyprus,CYP,1990,100
Cyprus,CYP,1995,100
Cyprus,CYP,2000,100
Cyprus,CYP,2005,100
Cyprus,CYP,2010,100
Cyprus,CYP,2011,100
Cyprus,CYP,2012,100
Cyprus,CYP,2013,100
Cyprus,CYP,2014,100
Cyprus,CYP,2015,100
Cyprus,CYP,2016,100
Cyprus,CYP,2017,100
Czechia,CZE,1990,99.98168
Czechia,CZE,1995,99.981575
Czechia,CZE,2000,99.967354
Czechia,CZE,2005,99.96776
Czechia,CZE,2010,99.96841
Czechia,CZE,2011,99.96852
Czechia,CZE,2012,99.943474
Czechia,CZE,2013,99.9272
Czechia,CZE,2014,99.91786
Czechia,CZE,2015,99.828285
Czechia,CZE,2016,99.67486
Czechia,CZE,2017,99.677216
Democratic Republic of Congo,COD,1990,100
Democratic Republic of Congo,COD,1995,100
Democratic Republic of Congo,COD,2000,100
Democratic Republic of Congo,COD,2005,100
Democratic Republic of Congo,COD,2010,100
Democratic Republic of Congo,COD,2011,100
Democratic Republic of Congo,COD,2012,100
Democratic Republic of Congo,COD,2013,100
Democratic Republic of Congo,COD,2014,100
Democratic Republic of Congo,COD,2015,100
Democratic Republic of Congo,COD,2016,100
Democratic Republic of Congo,COD,2017,100
Denmark,DNK,1990,99.96174
Denmark,DNK,1995,99.54928
Denmark,DNK,2000,97.966095
Denmark,DNK,2005,97.13968
Denmark,DNK,2010,96.099014
Denmark,DNK,2011,98.95868
Denmark,DNK,2012,85.474236
Denmark,DNK,2013,78.75029
Denmark,DNK,2014,82.834305
Denmark,DNK,2015,75.18744
Denmark,DNK,2016,57.091763
Denmark,DNK,2017,56.914455
Djibouti,DJI,1990,100
Djibouti,DJI,1995,100
Djibouti,DJI,2000,100
Djibouti,DJI,2005,100
Djibouti,DJI,2010,100
Djibouti,DJI,2011,100
Djibouti,DJI,2012,100
Djibouti,DJI,2013,100
Djibouti,DJI,2014,100
Djibouti,DJI,2015,100
Djibouti,DJI,2016,100
Djibouti,DJI,2017,100
Dominica,DMA,1990,100
Dominica,DMA,1995,100
Dominica,DMA,2000,100
Dominica,DMA,2005,100
Dominica,DMA,2010,100
Dominica,DMA,2011,100
Dominica,DMA,2012,100
Dominica,DMA,2013,100
Dominica,DMA,2014,100
Dominica,DMA,2015,100
Dominica,DMA,2016,100
Dominica,DMA,2017,100
Dominican Republic,DOM,1990,100
Dominican Republic,DOM,1995,100
Dominican Republic,DOM,2000,100
Dominican Republic,DOM,2005,100
Dominican Republic,DOM,2010,100
Dominican Republic,DOM,2011,100
Dominican Republic,DOM,2012,100
Dominican Republic,DOM,2013,100
Dominican Republic,DOM,2014,99.97857
Dominican Republic,DOM,2015,99.9786
Dominican Republic,DOM,2016,99.91389
Dominican Republic,DOM,2017,99.913445
East Asia and Pacific (WB),,1990,98.37883
East Asia and Pacific (WB),,1995,98.393814
East Asia and Pacific (WB),,2000,98.32724
East Asia and Pacific (WB),,2005,98.565025
East Asia and Pacific (WB),,2010,98.26468
East Asia and Pacific (WB),,2011,98.48248
East Asia and Pacific (WB),,2012,98.38676
East Asia and Pacific (WB),,2013,97.72578
East Asia and Pacific (WB),,2014,97.56743
East Asia and Pacific (WB),,2015,97.82479
East Asia and Pacific (WB),,2016,96.85376
East Asia and Pacific (WB),,2017,96.88647
East Timor,TLS,1990,100
East Timor,TLS,1995,100
East Timor,TLS,2000,100
East Timor,TLS,2005,100
East Timor,TLS,2010,100
East Timor,TLS,2011,100
East Timor,TLS,2012,100
East Timor,TLS,2013,100
East Timor,TLS,2014,100
East Timor,TLS,2015,100
East Timor,TLS,2016,100
East Timor,TLS,2017,100
Ecuador,ECU,1990,99.98107
Ecuador,ECU,1995,99.98929
Ecuador,ECU,2000,99.98581
Ecuador,ECU,2005,99.999016
Ecuador,ECU,2010,99.99972
Ecuador,ECU,2011,99.99709
Ecuador,ECU,2012,99.99879
Ecuador,ECU,2013,99.97454
Ecuador,ECU,2014,99.6352
Ecuador,ECU,2015,99.38917
Ecuador,ECU,2016,98.65235
Ecuador,ECU,2017,98.31562
Egypt,EGY,1990,100
Egypt,EGY,1995,100
Egypt,EGY,2000,100
Egypt,EGY,2005,100
Egypt,EGY,2010,100
Egypt,EGY,2011,100
Egypt,EGY,2012,100
Egypt,EGY,2013,100
Egypt,EGY,2014,100
Egypt,EGY,2015,100
Egypt,EGY,2016,100
Egypt,EGY,2017,100
El Salvador,SLV,1990,100
El Salvador,SLV,1995,100
El Salvador,SLV,2000,100
El Salvador,SLV,2005,100
El Salvador,SLV,2010,100
El Salvador,SLV,2011,100
El Salvador,SLV,2012,100
El Salvador,SLV,2013,100
El Salvador,SLV,2014,100
El Salvador,SLV,2015,100
El Salvador,SLV,2016,100
El Salvador,SLV,2017,100
Equatorial Guinea,GNQ,1990,100
Equatorial Guinea,GNQ,1995,100
Equatorial Guinea,GNQ,2000,100
Equatorial Guinea,GNQ,2005,100
Equatorial Guinea,GNQ,2010,100
Equatorial Guinea,GNQ,2011,100
Equatorial Guinea,GNQ,2012,100
Equatorial Guinea,GNQ,2013,100
Equatorial Guinea,GNQ,2014,100
Equatorial Guinea,GNQ,2015,100
Equatorial Guinea,GNQ,2016,100
Equatorial Guinea,GNQ,2017,100
Eritrea,ERI,1990,100
Eritrea,ERI,1995,100
Eritrea,ERI,2000,100
Eritrea,ERI,2005,100
Eritrea,ERI,2010,100
Eritrea,ERI,2011,100
Eritrea,ERI,2012,100
Eritrea,ERI,2013,100
Eritrea,ERI,2014,100
Eritrea,ERI,2015,100
Eritrea,ERI,2016,100
Eritrea,ERI,2017,100
Estonia,EST,1990,26.156212
Estonia,EST,1995,6.8872995
Estonia,EST,2000,5.0258074
Estonia,EST,2005,5.8214283
Estonia,EST,2010,6.4760118
Estonia,EST,2011,6.1698494
Estonia,EST,2012,1.1787083
Estonia,EST,2013,0.263896
Estonia,EST,2014,0.258944
Estonia,EST,2015,0
Estonia,EST,2016,0
Estonia,EST,2017,0
Eswatini,SWZ,1990,100
Eswatini,SWZ,1995,100
Eswatini,SWZ,2000,100
Eswatini,SWZ,2005,100
Eswatini,SWZ,2010,100
Eswatini,SWZ,2011,100
Eswatini,SWZ,2012,100
Eswatini,SWZ,2013,100
Eswatini,SWZ,2014,100
Eswatini,SWZ,2015,100
Eswatini,SWZ,2016,100
Eswatini,SWZ,2017,100
Ethiopia,ETH,1990,100
Ethiopia,ETH,1995,100
Ethiopia,ETH,2000,100
Ethiopia,ETH,2005,100
Ethiopia,ETH,2010,100
Ethiopia,ETH,2011,100
Ethiopia,ETH,2012,100
Ethiopia,ETH,2013,100
Ethiopia,ETH,2014,100
Ethiopia,ETH,2015,100
Ethiopia,ETH,2016,100
Ethiopia,ETH,2017,100
Europe and Central Asia (WB),,1990,94.81508
Europe and Central Asia (WB),,1995,94.22869
Europe and Central Asia (WB),,2000,93.98694
Europe and Central Asia (WB),,2005,93.860535
Europe and Central Asia (WB),,2010,93.60616
Europe and Central Asia (WB),,2011,94.360596
Europe and Central Asia (WB),,2012,92.278404
Europe and Central Asia (WB),,2013,91.08404
Europe and Central Asia (WB),,2014,88.31957
Europe and Central Asia (WB),,2015,88.6264
Europe and Central Asia (WB),,2016,85.09323
Europe and Central Asia (WB),,2017,85.07584
European Union (27),,1990,92.93216
European Union (27),,1995,92.43124
European Union (27),,2000,92.05023
European Union (27),,2005,91.91244
European Union (27),,2010,91.39501
European Union (27),,2011,92.37747
European Union (27),,2012,89.560844
European Union (27),,2013,88.19834
European Union (27),,2014,84.45987
European Union (27),,2015,85.60825
European Union (27),,2016,79.813034
European Union (27),,2017,79.864624
Fiji,FJI,1990,100
Fiji,FJI,1995,100
Fiji,FJI,2000,100
Fiji,FJI,2005,100
Fiji,FJI,2010,100
Fiji,FJI,2011,100
Fiji,FJI,2012,100
Fiji,FJI,2013,100
Fiji,FJI,2014,99.99426
Fiji,FJI,2015,99.978645
Fiji,FJI,2016,93.69405
Fiji,FJI,2017,82.803185
Finland,FIN,1990,1.6273738
Finland,FIN,1995,0.6737584
Finland,FIN,2000,0
Finland,FIN,2005,0.7246788
Finland,FIN,2010,0.7351496
Finland,FIN,2011,0.7370424
Finland,FIN,2012,0
Finland,FIN,2013,0
Finland,FIN,2014,0
Finland,FIN,2015,0
Finland,FIN,2016,0
Finland,FIN,2017,0
France,FRA,1990,99.77445
France,FRA,1995,99.62535
France,FRA,2000,99.37341
France,FRA,2005,99.60445
France,FRA,2010,99.47901
France,FRA,2011,99.69818
France,FRA,2012,98.61153
France,FRA,2013,97.4091
France,FRA,2014,87.84525
France,FRA,2015,90.41212
France,FRA,2016,78.2775
France,FRA,2017,78.21356
Gabon,GAB,1990,100
Gabon,GAB,1995,100
Gabon,GAB,2000,100
Gabon,GAB,2005,100
Gabon,GAB,2010,100
Gabon,GAB,2011,100
Gabon,GAB,2012,100
Gabon,GAB,2013,100
Gabon,GAB,2014,100
Gabon,GAB,2015,100
Gabon,GAB,2016,100
Gabon,GAB,2017,100
Gambia,GMB,1990,100
Gambia,GMB,1995,100
Gambia,GMB,2000,100
Gambia,GMB,2005,100
Gambia,GMB,2010,100
Gambia,GMB,2011,100
Gambia,GMB,2012,100
Gambia,GMB,2013,100
Gambia,GMB,2014,100
Gambia,GMB,2015,100
Gambia,GMB,2016,100
Gambia,GMB,2017,100
Georgia,GEO,1990,100
Georgia,GEO,1995,100
Georgia,GEO,2000,100
Georgia,GEO,2005,100
Georgia,GEO,2010,100
Georgia,GEO,2011,100
Georgia,GEO,2012,100
Georgia,GEO,2013,100
Georgia,GEO,2014,100
Georgia,GEO,2015,100
Georgia,GEO,2016,100
Georgia,GEO,2017,100
Germany,DEU,1990,99.75579
Germany,DEU,1995,99.64661
Germany,DEU,2000,99.40719
Germany,DEU,2005,99.18486
Germany,DEU,2010,99.59944
Germany,DEU,2011,99.44803
Germany,DEU,2012,98.29507
Germany,DEU,2013,97.84632
Germany,DEU,2014,95.725296
Germany,DEU,2015,95.9526
Germany,DEU,2016,89.15466
Germany,DEU,2017,89.174355
Ghana,GHA,1990,100
Ghana,GHA,1995,100
Ghana,GHA,2000,100
Ghana,GHA,2005,100
Ghana,GHA,2010,100
Ghana,GHA,2011,100
Ghana,GHA,2012,100
Ghana,GHA,2013,100
Ghana,GHA,2014,100
Ghana,GHA,2015,100
Ghana,GHA,2016,100
Ghana,GHA,2017,100
Greece,GRC,1990,100
Greece,GRC,1995,100
Greece,GRC,2000,100
Greece,GRC,2005,100
Greece,GRC,2010,100
Greece,GRC,2011,100
Greece,GRC,2012,100
Greece,GRC,2013,100
Greece,GRC,2014,100
Greece,GRC,2015,100
Greece,GRC,2016,100
Greece,GRC,2017,100
Greenland,GRL,1990,100
Greenland,GRL,1995,100
Greenland,GRL,2000,100
Greenland,GRL,2005,100
Greenland,GRL,2010,100
Greenland,GRL,2011,100
Greenland,GRL,2012,100
Greenland,GRL,2013,100
Greenland,GRL,2014,98.76046
Greenland,GRL,2015,98.75355
Greenland,GRL,2016,80.10091
Greenland,GRL,2017,80.016014
Grenada,GRD,1990,100
Grenada,GRD,1995,100
Grenada,GRD,2000,100
Grenada,GRD,2005,100
Grenada,GRD,2010,100
Grenada,GRD,2011,100
Grenada,GRD,2012,100
Grenada,GRD,2013,100
Grenada,GRD,2014,100
Grenada,GRD,2015,100
Grenada,GRD,2016,100
Grenada,GRD,2017,100
Guam,GUM,1990,100
Guam,GUM,1995,100
Guam,GUM,2000,100
Guam,GUM,2005,100
Guam,GUM,2010,100
Guam,GUM,2011,100
Guam,GUM,2012,100
Guam,GUM,2013,100
Guam,GUM,2014,91.666664
Guam,GUM,2015,100
Guam,GUM,2016,83.333336
Guam,GUM,2017,83.333336
Guatemala,GTM,1990,100
Guatemala,GTM,1995,100
Guatemala,GTM,2000,100
Guatemala,GTM,2005,100
Guatemala,GTM,2010,100
Guatemala,GTM,2011,100
Guatemala,GTM,2012,100
Guatemala,GTM,2013,100
Guatemala,GTM,2014,100
Guatemala,GTM,2015,100
Guatemala,GTM,2016,100
Guatemala,GTM,2017,100
Guinea,GIN,1990,100
Guinea,GIN,1995,100
Guinea,GIN,2000,100
Guinea,GIN,2005,100
Guinea,GIN,2010,100
Guinea,GIN,2011,100
Guinea,GIN,2012,100
Guinea,GIN,2013,100
Guinea,GIN,2014,100
Guinea,GIN,2015,100
Guinea,GIN,2016,100
Guinea,GIN,2017,100
Guinea-Bissau,GNB,1990,100
Guinea-Bissau,GNB,1995,100
Guinea-Bissau,GNB,2000,100
Guinea-Bissau,GNB,2005,100
Guinea-Bissau,GNB,2010,100
Guinea-Bissau,GNB,2011,100
Guinea-Bissau,GNB,2012,100
Guinea-Bissau,GNB,2013,100
Guinea-Bissau,GNB,2014,100
Guinea-Bissau,GNB,2015,100
Guinea-Bissau,GNB,2016,100
Guinea-Bissau,GNB,2017,100
Guyana,GUY,1990,100
Guyana,GUY,1995,100
Guyana,GUY,2000,100
Guyana,GUY,2005,100
Guyana,GUY,2010,100
Guyana,GUY,2011,100
Guyana,GUY,2012,100
Guyana,GUY,2013,100
Guyana,GUY,2014,100
Guyana,GUY,2015,99.99981
Guyana,GUY,2016,99.98953
Guyana,GUY,2017,99.988174
Haiti,HTI,1990,100
Haiti,HTI,1995,100
Haiti,HTI,2000,100
Haiti,HTI,2005,100
Haiti,HTI,2010,100
Haiti,HTI,2011,100
Haiti,HTI,2012,100
Haiti,HTI,2013,100
Haiti,HTI,2014,100
Haiti,HTI,2015,100
Haiti,HTI,2016,100
Haiti,HTI,2017,100
High-income countries,,1990,78.47917
High-income countries,,1995,76.912674
High-income countries,,2000,76.0405
High-income countries,,2005,76.2553
High-income countries,,2010,74.18863
High-income countries,,2011,77.257164
High-income countries,,2012,69.95748
High-income countries,,2013,67.066826
High-income countries,,2014,62.074062
High-income countries,,2015,61.54697
High-income countries,,2016,56.012493
High-income countries,,2017,56.10609
Honduras,HND,1990,100
Honduras,HND,1995,100
Honduras,HND,2000,100
Honduras,HND,2005,100
Honduras,HND,2010,100
Honduras,HND,2011,100
Honduras,HND,2012,100
Honduras,HND,2013,100
Honduras,HND,2014,100
Honduras,HND,2015,99.99888
Honduras,HND,2016,99.98208
Honduras,HND,2017,99.98352
Hungary,HUN,1990,100
Hungary,HUN,1995,100
Hungary,HUN,2000,100
Hungary,HUN,2005,100
Hungary,HUN,2010,100
Hungary,HUN,2011,100
Hungary,HUN,2012,100
Hungary,HUN,2013,100
Hungary,HUN,2014,100
Hungary,HUN,2015,100
Hungary,HUN,2016,100
Hungary,HUN,2017,100
Iceland,ISL,1990,22.822655
Iceland,ISL,1995,21.212599
Iceland,ISL,2000,18.159761
Iceland,ISL,2005,14.716674
Iceland,ISL,2010,16.812815
Iceland,ISL,2011,16.967638
Iceland,ISL,2012,13.193625
Iceland,ISL,2013,12.844038
Iceland,ISL,2014,12.1246395
Iceland,ISL,2015,11.984955
Iceland,ISL,2016,11.100462
Iceland,ISL,2017,10.285215
India,IND,1990,100
India,IND,1995,100
India,IND,2000,100
India,IND,2005,100
India,IND,2010,100
India,IND,2011,100
India,IND,2012,100
India,IND,2013,100
India,IND,2014,100
India,IND,2015,100
India,IND,2016,100
India,IND,2017,100
Indonesia,IDN,1990,97.65696
Indonesia,IDN,1995,97.660095
Indonesia,IDN,2000,97.108475
Indonesia,IDN,2005,99.00021
Indonesia,IDN,2010,96.42306
Indonesia,IDN,2011,98.064125
Indonesia,IDN,2012,99.5136
Indonesia,IDN,2013,94.210976
Indonesia,IDN,2014,94.49722
Indonesia,IDN,2015,96.14237
Indonesia,IDN,2016,95.69353
Indonesia,IDN,2017,95.56715
Iran,IRN,1990,100
Iran,IRN,1995,100
Iran,IRN,2000,100
Iran,IRN,2005,100
Iran,IRN,2010,100
Iran,IRN,2011,100
Iran,IRN,2012,100
Iran,IRN,2013,100
Iran,IRN,2014,100
Iran,IRN,2015,100
Iran,IRN,2016,100
Iran,IRN,2017,100
Iraq,IRQ,1990,100
Iraq,IRQ,1995,100
Iraq,IRQ,2000,100
Iraq,IRQ,2005,100
Iraq,IRQ,2010,100
Iraq,IRQ,2011,100
Iraq,IRQ,2012,100
Iraq,IRQ,2013,100
Iraq,IRQ,2014,100
Iraq,IRQ,2015,100
Iraq,IRQ,2016,100
Iraq,IRQ,2017,100
Ireland,IRL,1990,60.300858
Ireland,IRL,1995,54.96168
Ireland,IRL,2000,50.3381
Ireland,IRL,2005,46.539837
Ireland,IRL,2010,49.339233
Ireland,IRL,2011,56.879368
Ireland,IRL,2012,29.96477
Ireland,IRL,2013,27.361315
Ireland,IRL,2014,3.6119933
Ireland,IRL,2015,2.718191
Ireland,IRL,2016,0.27373576
Ireland,IRL,2017,0.2740917
Israel,ISR,1990,100
Israel,ISR,1995,100
Israel,ISR,2000,100
Israel,ISR,2005,100
Israel,ISR,2010,100
Israel,ISR,2011,100
Israel,ISR,2012,100
Israel,ISR,2013,100
Israel,ISR,2014,100
Israel,ISR,2015,100
Israel,ISR,2016,100
Israel,ISR,2017,100
Italy,ITA,1990,98.81039
Italy,ITA,1995,98.77068
Italy,ITA,2000,98.53143
Italy,ITA,2005,98.4156
Italy,ITA,2010,98.11217
Italy,ITA,2011,98.57762
Italy,ITA,2012,97.84865
Italy,ITA,2013,97.26339
Italy,ITA,2014,96.58307
Italy,ITA,2015,96.75458
Italy,ITA,2016,94.548485
Italy,ITA,2017,94.777214
Jamaica,JAM,1990,100
Jamaica,JAM,1995,100
Jamaica,JAM,2000,100
Jamaica,JAM,2005,100
Jamaica,JAM,2010,100
Jamaica,JAM,2011,100
Jamaica,JAM,2012,100
Jamaica,JAM,2013,100
Jamaica,JAM,2014,100
Jamaica,JAM,2015,100
Jamaica,JAM,2016,100
Jamaica,JAM,2017,100
Japan,JPN,1990,92.52875
Japan,JPN,1995,92.50627
Japan,JPN,2000,91.74729
Japan,JPN,2005,92.09008
Japan,JPN,2010,92.58883
Japan,JPN,2011,92.560486
Japan,JPN,2012,89.13152
Japan,JPN,2013,89.80213
Japan,JPN,2014,87.819626
Japan,JPN,2015,88.66865
Japan,JPN,2016,75.41211
Japan,JPN,2017,76.761505
Jordan,JOR,1990,100
Jordan,JOR,1995,100
Jordan,JOR,2000,100
Jordan,JOR,2005,100
Jordan,JOR,2010,100
Jordan,JOR,2011,100
Jordan,JOR,2012,100
Jordan,JOR,2013,100
Jordan,JOR,2014,100
Jordan,JOR,2015,100
Jordan,JOR,2016,100
Jordan,JOR,2017,100
Kazakhstan,KAZ,1990,97.97481
Kazakhstan,KAZ,1995,97.473564
Kazakhstan,KAZ,2000,96.82197
Kazakhstan,KAZ,2005,96.80262
Kazakhstan,KAZ,2010,97.210945
Kazakhstan,KAZ,2011,97.5321
Kazakhstan,KAZ,2012,96.22187
Kazakhstan,KAZ,2013,95.65702
Kazakhstan,KAZ,2014,91.607
Kazakhstan,KAZ,2015,92.641556
Kazakhstan,KAZ,2016,87.15238
Kazakhstan,KAZ,2017,87.41423
Kenya,KEN,1990,100
Kenya,KEN,1995,100
Kenya,KEN,2000,100
Kenya,KEN,2005,100
Kenya,KEN,2010,100
Kenya,KEN,2011,100
Kenya,KEN,2012,100
Kenya,KEN,2013,100
Kenya,KEN,2014,100
Kenya,KEN,2015,100
Kenya,KEN,2016,100
Kenya,KEN,2017,100
Kiribati,KIR,1990,100
Kiribati,KIR,1995,100
Kiribati,KIR,2000,100
Kiribati,KIR,2005,100
Kiribati,KIR,2010,100
Kiribati,KIR,2011,100
Kiribati,KIR,2012,100
Kiribati,KIR,2013,100
Kiribati,KIR,2014,100
Kiribati,KIR,2015,100
Kiribati,KIR,2016,100
Kiribati,KIR,2017,100
Kuwait,KWT,1990,100
Kuwait,KWT,1995,100
Kuwait,KWT,2000,100
Kuwait,KWT,2005,100
Kuwait,KWT,2010,100
Kuwait,KWT,2011,100
Kuwait,KWT,2012,100
Kuwait,KWT,2013,100
Kuwait,KWT,2014,100
Kuwait,KWT,2015,100
Kuwait,KWT,2016,100
Kuwait,KWT,2017,100
Kyrgyzstan,KGZ,1990,100
Kyrgyzstan,KGZ,1995,99.82613
Kyrgyzstan,KGZ,2000,99.85856
Kyrgyzstan,KGZ,2005,99.86039
Kyrgyzstan,KGZ,2010,100
Kyrgyzstan,KGZ,2011,100
Kyrgyzstan,KGZ,2012,99.84094
Kyrgyzstan,KGZ,2013,99.78157
Kyrgyzstan,KGZ,2014,98.07188
Kyrgyzstan,KGZ,2015,99.10895
Kyrgyzstan,KGZ,2016,97.406654
Kyrgyzstan,KGZ,2017,97.432556
Laos,LAO,1990,100
Laos,LAO,1995,100
Laos,LAO,2000,100
Laos,LAO,2005,100
Laos,LAO,2010,100
Laos,LAO,2011,100
Laos,LAO,2012,100
Laos,LAO,2013,100
Laos,LAO,2014,100
Laos,LAO,2015,100
Laos,LAO,2016,100
Laos,LAO,2017,100
Latin America and Caribbean (WB),,1990,95.227234
Latin America and Caribbean (WB),,1995,95.47398
Latin America and Caribbean (WB),,2000,96.45441
Latin America and Caribbean (WB),,2005,96.074905
Latin America and Caribbean (WB),,2010,96.55062
Latin America and Caribbean (WB),,2011,97.00504
Latin America and Caribbean (WB),,2012,94.954025
Latin America and Caribbean (WB),,2013,94.290825
Latin America and Caribbean (WB),,2014,91.08684
Latin America and Caribbean (WB),,2015,90.213875
Latin America and Caribbean (WB),,2016,87.1445
Latin America and Caribbean (WB),,2017,87.16068
Latvia,LVA,1990,99.97949
Latvia,LVA,1995,99.60808
Latvia,LVA,2000,99.35651
Latvia,LVA,2005,99.51499
Latvia,LVA,2010,99.55003
Latvia,LVA,2011,99.260254
Latvia,LVA,2012,97.97096
Latvia,LVA,2013,96.58677
Latvia,LVA,2014,96.62908
Latvia,LVA,2015,92.27309
Latvia,LVA,2016,89.4115
Latvia,LVA,2017,89.014046
Lebanon,LBN,1990,100
Lebanon,LBN,1995,100
Lebanon,LBN,2000,100
Lebanon,LBN,2005,100
Lebanon,LBN,2010,100
Lebanon,LBN,2011,100
Lebanon,LBN,2012,100
Lebanon,LBN,2013,100
Lebanon,LBN,2014,100
Lebanon,LBN,2015,100
Lebanon,LBN,2016,100
Lebanon,LBN,2017,100
Lesotho,LSO,1990,100
Lesotho,LSO,1995,100
Lesotho,LSO,2000,100
Lesotho,LSO,2005,100
Lesotho,LSO,2010,100
Lesotho,LSO,2011,100
Lesotho,LSO,2012,100
Lesotho,LSO,2013,100
Lesotho,LSO,2014,100
Lesotho,LSO,2015,100
Lesotho,LSO,2016,100
Lesotho,LSO,2017,100
Liberia,LBR,1990,100
Liberia,LBR,1995,100
Liberia,LBR,2000,100
Liberia,LBR,2005,100
Liberia,LBR,2010,100
Liberia,LBR,2011,100
Liberia,LBR,2012,100
Liberia,LBR,2013,100
Liberia,LBR,2014,100
Liberia,LBR,2015,100
Liberia,LBR,2016,100
Liberia,LBR,2017,100
Libya,LBY,1990,100
Libya,LBY,1995,100
Libya,LBY,2000,100
Libya,LBY,2005,100
Libya,LBY,2010,100
Libya,LBY,2011,100
Libya,LBY,2012,100
Libya,LBY,2013,100
Libya,LBY,2014,100
Libya,LBY,2015,100
Libya,LBY,2016,100
Libya,LBY,2017,100
Lithuania,LTU,1990,99.9381
Lithuania,LTU,1995,99.936325
Lithuania,LTU,2000,99.94437
Lithuania,LTU,2005,99.9408
Lithuania,LTU,2010,99.93704
Lithuania,LTU,2011,99.93627
Lithuania,LTU,2012,99.9355
Lithuania,LTU,2013,99.934715
Lithuania,LTU,2014,99.93392
Lithuania,LTU,2015,99.53121
Lithuania,LTU,2016,97.07496
Lithuania,LTU,2017,95.99986
Low-income countries,,1990,100
Low-income countries,,1995,100
Low-income countries,,2000,100
Low-income countries,,2005,100
Low-income countries,,2010,100
Low-income countries,,2011,100
Low-income countries,,2012,100
Low-income countries,,2013,100
Low-income countries,,2014,100
Low-income countries,,2015,100
Low-income countries,,2016,100
Low-income countries,,2017,100
Lower-middle-income countries,,1990,99.78466
Lower-middle-income countries,,1995,99.78859
Lower-middle-income countries,,2000,99.74526
Lower-middle-income countries,,2005,99.912254
Lower-middle-income countries,,2010,99.69763
Lower-middle-income countries,,2011,99.83608
Lower-middle-income countries,,2012,99.95707
Lower-middle-income countries,,2013,99.506134
Lower-middle-income countries,,2014,99.504654
Lower-middle-income countries,,2015,99.65875
Lower-middle-income countries,,2016,99.32591
Lower-middle-income countries,,2017,99.14626
Luxembourg,LUX,1990,100
Luxembourg,LUX,1995,100
Luxembourg,LUX,2000,99.66423
Luxembourg,LUX,2005,96.440544
Luxembourg,LUX,2010,99.87427
Luxembourg,LUX,2011,99.87656
Luxembourg,LUX,2012,90.905334
Luxembourg,LUX,2013,89.43147
Luxembourg,LUX,2014,78.016594
Luxembourg,LUX,2015,79.97926
Luxembourg,LUX,2016,68.73273
Luxembourg,LUX,2017,68.77562
Madagascar,MDG,1990,100
Madagascar,MDG,1995,100
Madagascar,MDG,2000,100
Madagascar,MDG,2005,100
Madagascar,MDG,2010,100
Madagascar,MDG,2011,100
Madagascar,MDG,2012,100
Madagascar,MDG,2013,100
Madagascar,MDG,2014,100
Madagascar,MDG,2015,100
Madagascar,MDG,2016,100
Madagascar,MDG,2017,100
Malawi,MWI,1990,100
Malawi,MWI,1995,100
Malawi,MWI,2000,100
Malawi,MWI,2005,100
Malawi,MWI,2010,100
Malawi,MWI,2011,100
Malawi,MWI,2012,100
Malawi,MWI,2013,100
Malawi,MWI,2014,100
Malawi,MWI,2015,100
Malawi,MWI,2016,100
Malawi,MWI,2017,100
Malaysia,MYS,1990,94.95693
Malaysia,MYS,1995,95.173035
Malaysia,MYS,2000,95.45669
Malaysia,MYS,2005,97.879944
Malaysia,MYS,2010,96.997314
Malaysia,MYS,2011,97.47653
Malaysia,MYS,2012,98.16901
Malaysia,MYS,2013,94.02458
Malaysia,MYS,2014,92.0061
Malaysia,MYS,2015,93.50818
Malaysia,MYS,2016,90.41989
Malaysia,MYS,2017,90.537346
Maldives,MDV,1990,100
Maldives,MDV,1995,100
Maldives,MDV,2000,100
Maldives,MDV,2005,100
Maldives,MDV,2010,100
Maldives,MDV,2011,100
Maldives,MDV,2012,100
Maldives,MDV,2013,100
Maldives,MDV,2014,8.395732e-8
Maldives,MDV,2015,6.871205e-8
Maldives,MDV,2016,0
Maldives,MDV,2017,0
Mali,MLI,1990,100
Mali,MLI,1995,100
Mali,MLI,2000,100
Mali,MLI,2005,100
Mali,MLI,2010,100
Mali,MLI,2011,100
Mali,MLI,2012,100
Mali,MLI,2013,100
Mali,MLI,2014,100
Mali,MLI,2015,100
Mali,MLI,2016,100
Mali,MLI,2017,100
Malta,MLT,1990,100
Malta,MLT,1995,100
Malta,MLT,2000,100
Malta,MLT,2005,100
Malta,MLT,2010,100
Malta,MLT,2011,100
Malta,MLT,2012,100
Malta,MLT,2013,100
Malta,MLT,2014,100
Malta,MLT,2015,100
Malta,MLT,2016,100
Malta,MLT,2017,100
Marshall Islands,MHL,1990,100
Marshall Islands,MHL,1995,100
Marshall Islands,MHL,2000,100
Marshall Islands,MHL,2005,100
Marshall Islands,MHL,2010,100
Marshall Islands,MHL,2011,100
Marshall Islands,MHL,2012,100
Marshall Islands,MHL,2013,100
Marshall Islands,MHL,2014,100
Marshall Islands,MHL,2015,100
Marshall Islands,MHL,2016,100
Marshall Islands,MHL,2017,100
Mauritania,MRT,1990,100
Mauritania,MRT,1995,100
Mauritania,MRT,2000,100
Mauritania,MRT,2005,100
Mauritania,MRT,2010,100
Mauritania,MRT,2011,100
Mauritania,MRT,2012,100
Mauritania,MRT,2013,100
Mauritania,MRT,2014,100
Mauritania,MRT,2015,100
Mauritania,MRT,2016,100
Mauritania,MRT,2017,100
Mauritius,MUS,1990,100
Mauritius,MUS,1995,100
Mauritius,MUS,2000,100
Mauritius,MUS,2005,100
Mauritius,MUS,2010,100
Mauritius,MUS,2011,100
Mauritius,MUS,2012,100
Mauritius,MUS,2013,100
Mauritius,MUS,2014,100
Mauritius,MUS,2015,100
Mauritius,MUS,2016,100
Mauritius,MUS,2017,100
Mexico,MEX,1990,99.961494
Mexico,MEX,1995,99.95966
Mexico,MEX,2000,99.93953
Mexico,MEX,2005,99.94016
Mexico,MEX,2010,99.93565
Mexico,MEX,2011,99.94654
Mexico,MEX,2012,99.93349
Mexico,MEX,2013,99.91486
Mexico,MEX,2014,99.76218
Mexico,MEX,2015,99.71526
Mexico,MEX,2016,99.65665
Mexico,MEX,2017,99.65613
Micronesia (country),FSM,1990,100
Micronesia (country),FSM,1995,100
Micronesia (country),FSM,2000,100
Micronesia (country),FSM,2005,100
Micronesia (country),FSM,2010,100
Micronesia (country),FSM,2011,100
Micronesia (country),FSM,2012,100
Micronesia (country),FSM,2013,100
Micronesia (country),FSM,2014,100
Micronesia (country),FSM,2015,100
Micronesia (country),FSM,2016,100
Micronesia (country),FSM,2017,100
Middle East and North Africa (WB),,1990,100
Middle East and North Africa (WB),,1995,100
Middle East and North Africa (WB),,2000,100
Middle East and North Africa (WB),,2005,100
Middle East and North Africa (WB),,2010,100
Middle East and North Africa (WB),,2011,100
Middle East and North Africa (WB),,2012,100
Middle East and North Africa (WB),,2013,100
Middle East and North Africa (WB),,2014,100
Middle East and North Africa (WB),,2015,100
Middle East and North Africa (WB),,2016,100
Middle East and North Africa (WB),,2017,100
Middle-income countries,,1990,99.30058
Middle-income countries,,1995,99.28812
Middle-income countries,,2000,99.34152
Middle-income countries,,2005,99.41478
Middle-income countries,,2010,99.35786
Middle-income countries,,2011,99.46512
Middle-income countries,,2012,99.32798
Middle-income countries,,2013,98.94145
Middle-income countries,,2014,98.57774
Middle-income countries,,2015,98.546234
Middle-income countries,,2016,97.9998
Middle-income countries,,2017,97.8971
Moldova,MDA,1990,100
Moldova,MDA,1995,100
Moldova,MDA,2000,100
Moldova,MDA,2005,100
Moldova,MDA,2010,100
Moldova,MDA,2011,100
Moldova,MDA,2012,100
Moldova,MDA,2013,100
Moldova,MDA,2014,100
Moldova,MDA,2015,100
Moldova,MDA,2016,100
Moldova,MDA,2017,100
Mongolia,MNG,1990,96.565125
Mongolia,MNG,1995,96.36191
Mongolia,MNG,2000,97.48152
Mongolia,MNG,2005,97.79649
Mongolia,MNG,2010,98.13814
Mongolia,MNG,2011,98.35711
Mongolia,MNG,2012,98.07423
Mongolia,MNG,2013,97.708015
Mongolia,MNG,2014,96.83417
Mongolia,MNG,2015,97.95178
Mongolia,MNG,2016,96.83175
Mongolia,MNG,2017,97.01398
Montenegro,MNE,1990,100
Montenegro,MNE,1995,100
Montenegro,MNE,2000,100
Montenegro,MNE,2005,100
Montenegro,MNE,2010,100
Montenegro,MNE,2011,100
Montenegro,MNE,2012,100
Montenegro,MNE,2013,100
Montenegro,MNE,2014,100
Montenegro,MNE,2015,100
Montenegro,MNE,2016,100
Montenegro,MNE,2017,100
Morocco,MAR,1990,100
Morocco,MAR,1995,100
Morocco,MAR,2000,100
Morocco,MAR,2005,100
Morocco,MAR,2010,100
Morocco,MAR,2011,100
Morocco,MAR,2012,100
Morocco,MAR,2013,100
Morocco,MAR,2014,100
Morocco,MAR,2015,100
Morocco,MAR,2016,100
Morocco,MAR,2017,100
Mozambique,MOZ,1990,100
Mozambique,MOZ,1995,100
Mozambique,MOZ,2000,100
Mozambique,MOZ,2005,100
Mozambique,MOZ,2010,100
Mozambique,MOZ,2011,100
Mozambique,MOZ,2012,100
Mozambique,MOZ,2013,100
Mozambique,MOZ,2014,100
Mozambique,MOZ,2015,100
Mozambique,MOZ,2016,100
Mozambique,MOZ,2017,100
Myanmar,MMR,1990,100
Myanmar,MMR,1995,100
Myanmar,MMR,2000,100
Myanmar,MMR,2005,100
Myanmar,MMR,2010,100
Myanmar,MMR,2011,100
Myanmar,MMR,2012,100
Myanmar,MMR,2013,100
Myanmar,MMR,2014,100
Myanmar,MMR,2015,100
Myanmar,MMR,2016,100
Myanmar,MMR,2017,100
Namibia,NAM,1990,100
Namibia,NAM,1995,100
Namibia,NAM,2000,100
Namibia,NAM,2005,100
Namibia,NAM,2010,100
Namibia,NAM,2011,100
Namibia,NAM,2012,100
Namibia,NAM,2013,100
Namibia,NAM,2014,100
Namibia,NAM,2015,100
Namibia,NAM,2016,100
Namibia,NAM,2017,100
Nepal,NPL,1990,100
Nepal,NPL,1995,100
Nepal,NPL,2000,100
Nepal,NPL,2005,100
Nepal,NPL,2010,100
Nepal,NPL,2011,100
Nepal,NPL,2012,100
Nepal,NPL,2013,100
Nepal,NPL,2014,100
Nepal,NPL,2015,100
Nepal,NPL,2016,100
Nepal,NPL,2017,100
Netherlands,NLD,1990,100
Netherlands,NLD,1995,100
Netherlands,NLD,2000,100
Netherlands,NLD,2005,100
Netherlands,NLD,2010,100
Netherlands,NLD,2011,100
Netherlands,NLD,2012,100
Netherlands,NLD,2013,99.87045
Netherlands,NLD,2014,99.83441
Netherlands,NLD,2015,99.81168
Netherlands,NLD,2016,99.595795
Netherlands,NLD,2017,99.598145
New Zealand,NZL,1990,8.860267
New Zealand,NZL,1995,8.710659
New Zealand,NZL,2000,10.752326
New Zealand,NZL,2005,10.28262
New Zealand,NZL,2010,9.8195505
New Zealand,NZL,2011,9.776035
New Zealand,NZL,2012,4.4726067
New Zealand,NZL,2013,0.3523902
New Zealand,NZL,2014,0.35099626
New Zealand,NZL,2015,0.3495744
New Zealand,NZL,2016,0
New Zealand,NZL,2017,0
Nicaragua,NIC,1990,99.9972
Nicaragua,NIC,1995,99.99705
Nicaragua,NIC,2000,99.933975
Nicaragua,NIC,2005,99.936104
Nicaragua,NIC,2010,99.9381
Nicaragua,NIC,2011,99.93853
Nicaragua,NIC,2012,99.93897
Nicaragua,NIC,2013,99.93943
Nicaragua,NIC,2014,99.929085
Nicaragua,NIC,2015,99.92952
Nicaragua,NIC,2016,99.90323
Nicaragua,NIC,2017,99.902695
Niger,NER,1990,100
Niger,NER,1995,100
Niger,NER,2000,100
Niger,NER,2005,100
Niger,NER,2010,100
Niger,NER,2011,100
Niger,NER,2012,100
Niger,NER,2013,100
Niger,NER,2014,100
Niger,NER,2015,100
Niger,NER,2016,100
Niger,NER,2017,100
Nigeria,NGA,1990,100
Nigeria,NGA,1995,100
Nigeria,NGA,2000,100
Nigeria,NGA,2005,100
Nigeria,NGA,2010,100
Nigeria,NGA,2011,100
Nigeria,NGA,2012,100
Nigeria,NGA,2013,100
Nigeria,NGA,2014,100
Nigeria,NGA,2015,100
Nigeria,NGA,2016,100
Nigeria,NGA,2017,100
North America (WB),,1990,44.835674
North America (WB),,1995,41.555542
North America (WB),,2000,39.948605
North America (WB),,2005,41.810143
North America (WB),,2010,35.7941
North America (WB),,2011,43.920578
North America (WB),,2012,26.648176
North America (WB),,2013,19.435717
North America (WB),,2014,10.775422
North America (WB),,2015,7.706948
North America (WB),,2016,3.016646
North America (WB),,2017,3.0224814
North Korea,PRK,1990,100
North Korea,PRK,1995,100
North Korea,PRK,2000,100
North Korea,PRK,2005,100
North Korea,PRK,2010,100
North Korea,PRK,2011,100
North Korea,PRK,2012,100
North Korea,PRK,2013,100
North Korea,PRK,2014,100
North Korea,PRK,2015,100
North Korea,PRK,2016,100
North Korea,PRK,2017,100
North Macedonia,MKD,1990,100
North Macedonia,MKD,1995,100
North Macedonia,MKD,2000,100
North Macedonia,MKD,2005,100
North Macedonia,MKD,2010,100
North Macedonia,MKD,2011,100
North Macedonia,MKD,2012,100
North Macedonia,MKD,2013,100
North Macedonia,MKD,2014,100
North Macedonia,MKD,2015,100
North Macedonia,MKD,2016,100
North Macedonia,MKD,2017,100
Northern Mariana Islands,MNP,1990,100
Northern Mariana Islands,MNP,1995,100
Northern Mariana Islands,MNP,2000,100
Northern Mariana Islands,MNP,2005,100
Northern Mariana Islands,MNP,2010,100
Northern Mariana Islands,MNP,2011,100
Northern Mariana Islands,MNP,2012,100
Northern Mariana Islands,MNP,2013,100
Northern Mariana Islands,MNP,2014,30.76923
Northern Mariana Islands,MNP,2015,34.615383
Northern Mariana Islands,MNP,2016,26.923077
Northern Mariana Islands,MNP,2017,26.923077
Norway,NOR,1990,33.31155
Norway,NOR,1995,29.617844
Norway,NOR,2000,24.474964
Norway,NOR,2005,10.172401
Norway,NOR,2010,11.888745
Norway,NOR,2011,31.411428
Norway,NOR,2012,2.8943653
Norway,NOR,2013,2.2361898
Norway,NOR,2014,2.2455094
Norway,NOR,2015,2.0246568
Norway,NOR,2016,2.0342882
Norway,NOR,2017,2.0438378
Oman,OMN,1990,100
Oman,OMN,1995,100
Oman,OMN,2000,100
Oman,OMN,2005,100
Oman,OMN,2010,100
Oman,OMN,2011,100
Oman,OMN,2012,100
Oman,OMN,2013,100
Oman,OMN,2014,100
Oman,OMN,2015,100
Oman,OMN,2016,100
Oman,OMN,2017,100
Pakistan,PAK,1990,100
Pakistan,PAK,1995,100
Pakistan,PAK,2000,100
Pakistan,PAK,2005,100
Pakistan,PAK,2010,100
Pakistan,PAK,2011,100
Pakistan,PAK,2012,100
Pakistan,PAK,2013,100
Pakistan,PAK,2014,100
Pakistan,PAK,2015,100
Pakistan,PAK,2016,100
Pakistan,PAK,2017,100
Palestine,PSE,1990,100
Palestine,PSE,1995,100
Palestine,PSE,2000,100
Palestine,PSE,2005,100
Palestine,PSE,2010,100
Palestine,PSE,2011,100
Palestine,PSE,2012,100
Palestine,PSE,2013,100
Palestine,PSE,2014,100
Palestine,PSE,2015,100
Palestine,PSE,2016,100
Palestine,PSE,2017,100
Panama,PAN,1990,96.50354
Panama,PAN,1995,96.45012
Panama,PAN,2000,97.30895
Panama,PAN,2005,96.92503
Panama,PAN,2010,96.21783
Panama,PAN,2011,97.228836
Panama,PAN,2012,96.612976
Panama,PAN,2013,93.47576
Panama,PAN,2014,90.52608
Panama,PAN,2015,87.28943
Panama,PAN,2016,72.13427
Panama,PAN,2017,71.63675
Papua New Guinea,PNG,1990,100
Papua New Guinea,PNG,1995,100
Papua New Guinea,PNG,2000,100
Papua New Guinea,PNG,2005,100
Papua New Guinea,PNG,2010,100
Papua New Guinea,PNG,2011,100
Papua New Guinea,PNG,2012,100
Papua New Guinea,PNG,2013,100
Papua New Guinea,PNG,2014,100
Papua New Guinea,PNG,2015,100
Papua New Guinea,PNG,2016,99.99549
Papua New Guinea,PNG,2017,99.99516
Paraguay,PRY,1990,100
Paraguay,PRY,1995,100
Paraguay,PRY,2000,100
Paraguay,PRY,2005,100
Paraguay,PRY,2010,100
Paraguay,PRY,2011,100
Paraguay,PRY,2012,100
Paraguay,PRY,2013,100
Paraguay,PRY,2014,100
Paraguay,PRY,2015,100
Paraguay,PRY,2016,98.93518
Paraguay,PRY,2017,99.05831
Peru,PER,1990,100
Peru,PER,1995,100
Peru,PER,2000,100
Peru,PER,2005,100
Peru,PER,2010,100
Peru,PER,2011,100
Peru,PER,2012,100
Peru,PER,2013,99.99976
Peru,PER,2014,99.99953
Peru,PER,2015,99.97339
Peru,PER,2016,99.968704
Peru,PER,2017,99.96293
Philippines,PHL,1990,100
Philippines,PHL,1995,100
Philippines,PHL,2000,99.99557
Philippines,PHL,2005,100
Philippines,PHL,2010,100
Philippines,PHL,2011,99.99524
Philippines,PHL,2012,99.99693
Philippines,PHL,2013,99.7148
Philippines,PHL,2014,99.01975
Philippines,PHL,2015,99.43309
Philippines,PHL,2016,96.81598
Philippines,PHL,2017,96.37066
Poland,POL,1990,100
Poland,POL,1995,100
Poland,POL,2000,100
Poland,POL,2005,100
Poland,POL,2010,100
Poland,POL,2011,100
Poland,POL,2012,100
Poland,POL,2013,99.996216
Poland,POL,2014,99.98157
Poland,POL,2015,99.996216
Poland,POL,2016,99.966095
Poland,POL,2017,99.96612
Portugal,PRT,1990,54.494495
Portugal,PRT,1995,48.873566
Portugal,PRT,2000,49.84768
Portugal,PRT,2005,58.433907
Portugal,PRT,2010,53.009735
Portugal,PRT,2011,57.452385
Portugal,PRT,2012,30.881292
Portugal,PRT,2013,30.898863
Portugal,PRT,2014,25.183197
Portugal,PRT,2015,27.458494
Portugal,PRT,2016,14.7184725
Portugal,PRT,2017,16.008356
Puerto Rico,PRI,1990,1.8348624
Puerto Rico,PRI,1995,1.8348624
Puerto Rico,PRI,2000,63.302753
Puerto Rico,PRI,2005,62.385323
Puerto Rico,PRI,2010,62.385323
Puerto Rico,PRI,2011,71.55963
Puerto Rico,PRI,2012,45.87156
Puerto Rico,PRI,2013,32.110092
Puerto Rico,PRI,2014,15.596331
Puerto Rico,PRI,2015,14.678899
Puerto Rico,PRI,2016,3.6697247
Puerto Rico,PRI,2017,3.6697247
Qatar,QAT,1990,100
Qatar,QAT,1995,100
Qatar,QAT,2000,100
Qatar,QAT,2005,100
Qatar,QAT,2010,100
Qatar,QAT,2011,100
Qatar,QAT,2012,100
Qatar,QAT,2013,100
Qatar,QAT,2014,100
Qatar,QAT,2015,100
Qatar,QAT,2016,100
Qatar,QAT,2017,100
Romania,ROU,1990,100
Romania,ROU,1995,100
Romania,ROU,2000,100
Romania,ROU,2005,100
Romania,ROU,2010,100
Romania,ROU,2011,100
Romania,ROU,2012,99.58101
Romania,ROU,2013,99.40746
Romania,ROU,2014,98.52413
Romania,ROU,2015,99.3791
Romania,ROU,2016,97.90707
Romania,ROU,2017,98.01746
Russia,RUS,1990,96.50772
Russia,RUS,1995,95.31076
Russia,RUS,2000,95.85455
Russia,RUS,2005,95.81598
Russia,RUS,2010,96.29003
Russia,RUS,2011,95.822235
Russia,RUS,2012,95.32326
Russia,RUS,2013,93.450966
Russia,RUS,2014,93.320595
Russia,RUS,2015,91.8274
Russia,RUS,2016,91.70799
Russia,RUS,2017,91.60933
Rwanda,RWA,1990,100
Rwanda,RWA,1995,100
Rwanda,RWA,2000,100
Rwanda,RWA,2005,100
Rwanda,RWA,2010,100
Rwanda,RWA,2011,100
Rwanda,RWA,2012,100
Rwanda,RWA,2013,100
Rwanda,RWA,2014,100
Rwanda,RWA,2015,100
Rwanda,RWA,2016,100
Rwanda,RWA,2017,100
Saint Lucia,LCA,1990,100
Saint Lucia,LCA,1995,100
Saint Lucia,LCA,2000,100
Saint Lucia,LCA,2005,100
Saint Lucia,LCA,2010,100
Saint Lucia,LCA,2011,100
Saint Lucia,LCA,2012,100
Saint Lucia,LCA,2013,100
Saint Lucia,LCA,2014,100
Saint Lucia,LCA,2015,100
Saint Lucia,LCA,2016,100
Saint Lucia,LCA,2017,100
Saint Vincent and the Grenadines,VCT,1990,100
Saint Vincent and the Grenadines,VCT,1995,100
Saint Vincent and the Grenadines,VCT,2000,100
Saint Vincent and the Grenadines,VCT,2005,100
Saint Vincent and the Grenadines,VCT,2010,100
Saint Vincent and the Grenadines,VCT,2011,100
Saint Vincent and the Grenadines,VCT,2012,100
Saint Vincent and the Grenadines,VCT,2013,100
Saint Vincent and the Grenadines,VCT,2014,100
Saint Vincent and the Grenadines,VCT,2015,100
Saint Vincent and the Grenadines,VCT,2016,100
Saint Vincent and the Grenadines,VCT,2017,100
Samoa,WSM,1990,100
Samoa,WSM,1995,100
Samoa,WSM,2000,100
Samoa,WSM,2005,100
Samoa,WSM,2010,100
Samoa,WSM,2011,100
Samoa,WSM,2012,100
Samoa,WSM,2013,100
Samoa,WSM,2014,100
Samoa,WSM,2015,100
Samoa,WSM,2016,100
Samoa,WSM,2017,100
Sao Tome and Principe,STP,1990,100
Sao Tome and Principe,STP,1995,100
Sao Tome and Principe,STP,2000,100
Sao Tome and Principe,STP,2005,100
Sao Tome and Principe,STP,2010,100
Sao Tome and Principe,STP,2011,100
Sao Tome and Principe,STP,2012,100
Sao Tome and Principe,STP,2013,100
Sao Tome and Principe,STP,2014,100
Sao Tome and Principe,STP,2015,100
Sao Tome and Principe,STP,2016,100
Sao Tome and Principe,STP,2017,100
Saudi Arabia,SAU,1990,100
Saudi Arabia,SAU,1995,100
Saudi Arabia,SAU,2000,100
Saudi Arabia,SAU,2005,100
Saudi Arabia,SAU,2010,100
Saudi Arabia,SAU,2011,100
Saudi Arabia,SAU,2012,100
Saudi Arabia,SAU,2013,100
Saudi Arabia,SAU,2014,100
Saudi Arabia,SAU,2015,100
Saudi Arabia,SAU,2016,100
Saudi Arabia,SAU,2017,100
Senegal,SEN,1990,100
Senegal,SEN,1995,100
Senegal,SEN,2000,100
Senegal,SEN,2005,100
Senegal,SEN,2010,100
Senegal,SEN,2011,100
Senegal,SEN,2012,100
Senegal,SEN,2013,100
Senegal,SEN,2014,100
Senegal,SEN,2015,100
Senegal,SEN,2016,100
Senegal,SEN,2017,100
Serbia,SRB,1990,100
Serbia,SRB,1995,100
Serbia,SRB,2000,100
Serbia,SRB,2005,100
Serbia,SRB,2010,100
Serbia,SRB,2011,100
Serbia,SRB,2012,100
Serbia,SRB,2013,100
Serbia,SRB,2014,100
Serbia,SRB,2015,100
Serbia,SRB,2016,100
Serbia,SRB,2017,100
Seychelles,SYC,1990,100
Seychelles,SYC,1995,100
Seychelles,SYC,2000,100
Seychelles,SYC,2005,100
Seychelles,SYC,2010,100
Seychelles,SYC,2011,100
Seychelles,SYC,2012,100
Seychelles,SYC,2013,100
Seychelles,SYC,2014,100
Seychelles,SYC,2015,100
Seychelles,SYC,2016,100
Seychelles,SYC,2017,100
Sierra Leone,SLE,1990,100
Sierra Leone,SLE,1995,100
Sierra Leone,SLE,2000,100
Sierra Leone,SLE,2005,100
Sierra Leone,SLE,2010,100
Sierra Leone,SLE,2011,100
Sierra Leone,SLE,2012,100
Sierra Leone,SLE,2013,100
Sierra Leone,SLE,2014,100
Sierra Leone,SLE,2015,100
Sierra Leone,SLE,2016,100
Sierra Leone,SLE,2017,100
Singapore,SGP,1990,100
Singapore,SGP,1995,100
Singapore,SGP,2000,100
Singapore,SGP,2005,100
Singapore,SGP,2010,100
Singapore,SGP,2011,100
Singapore,SGP,2012,100
Singapore,SGP,2013,100
Singapore,SGP,2014,100
Singapore,SGP,2015,100
Singapore,SGP,2016,100
Singapore,SGP,2017,100
Slovakia,SVK,1990,100
Slovakia,SVK,1995,100
Slovakia,SVK,2000,100
Slovakia,SVK,2005,100
Slovakia,SVK,2010,100
Slovakia,SVK,2011,100
Slovakia,SVK,2012,100
Slovakia,SVK,2013,100
Slovakia,SVK,2014,100
Slovakia,SVK,2015,100
Slovakia,SVK,2016,100
Slovakia,SVK,2017,100
Slovenia,SVN,1990,100
Slovenia,SVN,1995,100
Slovenia,SVN,2000,100
Slovenia,SVN,2005,100
Slovenia,SVN,2010,100
Slovenia,SVN,2011,100
Slovenia,SVN,2012,99.83625
Slovenia,SVN,2013,99.836105
Slovenia,SVN,2014,99.793396
Slovenia,SVN,2015,99.79372
Slovenia,SVN,2016,99.47413
Slovenia,SVN,2017,99.49103
Solomon Islands,SLB,1990,100
Solomon Islands,SLB,1995,100
Solomon Islands,SLB,2000,100
Solomon Islands,SLB,2005,100
Solomon Islands,SLB,2010,100
Solomon Islands,SLB,2011,100
Solomon Islands,SLB,2012,100
Solomon Islands,SLB,2013,100
Solomon Islands,SLB,2014,100
Solomon Islands,SLB,2015,100
Solomon Islands,SLB,2016,100
Solomon Islands,SLB,2017,99.917564
Somalia,SOM,1990,100
Somalia,SOM,1995,100
Somalia,SOM,2000,100
Somalia,SOM,2005,100
Somalia,SOM,2010,100
Somalia,SOM,2011,100
Somalia,SOM,2012,100
Somalia,SOM,2013,100
Somalia,SOM,2014,100
Somalia,SOM,2015,100
Somalia,SOM,2016,100
Somalia,SOM,2017,100
South Africa,ZAF,1990,100
South Africa,ZAF,1995,100
South Africa,ZAF,2000,100
South Africa,ZAF,2005,100
South Africa,ZAF,2010,100
South Africa,ZAF,2011,100
South Africa,ZAF,2012,100
South Africa,ZAF,2013,100
South Africa,ZAF,2014,100
South Africa,ZAF,2015,100
South Africa,ZAF,2016,100
South Africa,ZAF,2017,100
South Asia (WB),,1990,100
South Asia (WB),,1995,100
South Asia (WB),,2000,100
South Asia (WB),,2005,100
South Asia (WB),,2010,100
South Asia (WB),,2011,100
South Asia (WB),,2012,100
South Asia (WB),,2013,100
South Asia (WB),,2014,99.976234
South Asia (WB),,2015,99.975464
South Asia (WB),,2016,99.60966
South Asia (WB),,2017,99.33194
South Korea,KOR,1990,100
South Korea,KOR,1995,100
South Korea,KOR,2000,100
South Korea,KOR,2005,100
South Korea,KOR,2010,100
South Korea,KOR,2011,100
South Korea,KOR,2012,100
South Korea,KOR,2013,100
South Korea,KOR,2014,100
South Korea,KOR,2015,100
South Korea,KOR,2016,100
South Korea,KOR,2017,100
South Sudan,SSD,1990,100
South Sudan,SSD,1995,100
South Sudan,SSD,2000,100
South Sudan,SSD,2005,100
South Sudan,SSD,2010,100
South Sudan,SSD,2011,100
South Sudan,SSD,2012,100
South Sudan,SSD,2013,100
South Sudan,SSD,2014,100
South Sudan,SSD,2015,100
South Sudan,SSD,2016,100
South Sudan,SSD,2017,100
Spain,ESP,1990,77.576385
Spain,ESP,1995,76.352165
Spain,ESP,2000,75.0308
Spain,ESP,2005,74.15825
Spain,ESP,2010,72.15111
Spain,ESP,2011,78.72739
Spain,ESP,2012,68.49271
Spain,ESP,2013,60.68315
Spain,ESP,2014,47.719147
Spain,ESP,2015,55.152725
Spain,ESP,2016,40.724384
Spain,ESP,2017,41.11555
Sri Lanka,LKA,1990,100
Sri Lanka,LKA,1995,100
Sri Lanka,LKA,2000,100
Sri Lanka,LKA,2005,100
Sri Lanka,LKA,2010,100
Sri Lanka,LKA,2011,100
Sri Lanka,LKA,2012,100
Sri Lanka,LKA,2013,100
Sri Lanka,LKA,2014,100
Sri Lanka,LKA,2015,100
Sri Lanka,LKA,2016,69.062965
Sri Lanka,LKA,2017,45.538418
Sub-Saharan Africa (WB),,1990,100
Sub-Saharan Africa (WB),,1995,100
Sub-Saharan Africa (WB),,2000,100
Sub-Saharan Africa (WB),,2005,100
Sub-Saharan Africa (WB),,2010,100
Sub-Saharan Africa (WB),,2011,100
Sub-Saharan Africa (WB),,2012,100
Sub-Saharan Africa (WB),,2013,100
Sub-Saharan Africa (WB),,2014,100
Sub-Saharan Africa (WB),,2015,100
Sub-Saharan Africa (WB),,2016,100
Sub-Saharan Africa (WB),,2017,100
Sudan,SDN,1990,100
Sudan,SDN,1995,100
Sudan,SDN,2000,100
Sudan,SDN,2005,100
Sudan,SDN,2010,100
Sudan,SDN,2011,100
Sudan,SDN,2012,100
Sudan,SDN,2013,100
Sudan,SDN,2014,100
Sudan,SDN,2015,100
Sudan,SDN,2016,100
Sudan,SDN,2017,100
Suriname,SUR,1990,100
Suriname,SUR,1995,100
Suriname,SUR,2000,100
Suriname,SUR,2005,100
Suriname,SUR,2010,100
Suriname,SUR,2011,100
Suriname,SUR,2012,100
Suriname,SUR,2013,100
Suriname,SUR,2014,100
Suriname,SUR,2015,100
Suriname,SUR,2016,100
Suriname,SUR,2017,100
Sweden,SWE,1990,7.235441
Sweden,SWE,1995,5.3704867
Sweden,SWE,2000,4.98599
Sweden,SWE,2005,3.9958103
Sweden,SWE,2010,4.3261833
Sweden,SWE,2011,5.8845444
Sweden,SWE,2012,3.5953085
Sweden,SWE,2013,3.475082
Sweden,SWE,2014,3.6764522
Sweden,SWE,2015,3.5551462
Sweden,SWE,2016,3.5957026
Sweden,SWE,2017,3.6364875
Switzerland,CHE,1990,96.428665
Switzerland,CHE,1995,95.10025
Switzerland,CHE,2000,92.73058
Switzerland,CHE,2005,93.57506
Switzerland,CHE,2010,93.0007
Switzerland,CHE,2011,94.78523
Switzerland,CHE,2012,91.820915
Switzerland,CHE,2013,86.9105
Switzerland,CHE,2014,78.49918
Switzerland,CHE,2015,72.311104
Switzerland,CHE,2016,49.339455
Switzerland,CHE,2017,49.300137
Syria,SYR,1990,100
Syria,SYR,1995,100
Syria,SYR,2000,100
Syria,SYR,2005,100
Syria,SYR,2010,100
Syria,SYR,2011,100
Syria,SYR,2012,100
Syria,SYR,2013,100
Syria,SYR,2014,100
Syria,SYR,2015,100
Syria,SYR,2016,100
Syria,SYR,2017,100
Tajikistan,TJK,1990,100
Tajikistan,TJK,1995,100
Tajikistan,TJK,2000,100
Tajikistan,TJK,2005,100
Tajikistan,TJK,2010,100
Tajikistan,TJK,2011,100
Tajikistan,TJK,2012,100
Tajikistan,TJK,2013,100
Tajikistan,TJK,2014,100
Tajikistan,TJK,2015,100
Tajikistan,TJK,2016,100
Tajikistan,TJK,2017,100
Tanzania,TZA,1990,100
Tanzania,TZA,1995,100
Tanzania,TZA,2000,100
Tanzania,TZA,2005,100
Tanzania,TZA,2010,100
Tanzania,TZA,2011,100
Tanzania,TZA,2012,100
Tanzania,TZA,2013,100
Tanzania,TZA,2014,100
Tanzania,TZA,2015,100
Tanzania,TZA,2016,100
Tanzania,TZA,2017,100
Thailand,THA,1990,100
Thailand,THA,1995,100
Thailand,THA,2000,100
Thailand,THA,2005,100
Thailand,THA,2010,100
Thailand,THA,2011,100
Thailand,THA,2012,100
Thailand,THA,2013,100
Thailand,THA,2014,100
Thailand,THA,2015,100
Thailand,THA,2016,100
Thailand,THA,2017,100
Togo,TGO,1990,100
Togo,TGO,1995,100
Togo,TGO,2000,100
Togo,TGO,2005,100
Togo,TGO,2010,100
Togo,TGO,2011,100
Togo,TGO,2012,100
Togo,TGO,2013,100
Togo,TGO,2014,100
Togo,TGO,2015,100
Togo,TGO,2016,100
Togo,TGO,2017,100
Tonga,TON,1990,100
Tonga,TON,1995,100
Tonga,TON,2000,100
Tonga,TON,2005,100
Tonga,TON,2010,100
Tonga,TON,2011,100
Tonga,TON,2012,100
Tonga,TON,2013,100
Tonga,TON,2014,100
Tonga,TON,2015,100
Tonga,TON,2016,99.80642
Tonga,TON,2017,99.81259
Trinidad and Tobago,TTO,1990,100
Trinidad and Tobago,TTO,1995,100
Trinidad and Tobago,TTO,2000,100
Trinidad and Tobago,TTO,2005,100
Trinidad and Tobago,TTO,2010,100
Trinidad and Tobago,TTO,2011,100
Trinidad and Tobago,TTO,2012,100
Trinidad and Tobago,TTO,2013,100
Trinidad and Tobago,TTO,2014,100
Trinidad and Tobago,TTO,2015,100
Trinidad and Tobago,TTO,2016,100
Trinidad and Tobago,TTO,2017,100
Tunisia,TUN,1990,100
Tunisia,TUN,1995,100
Tunisia,TUN,2000,100
Tunisia,TUN,2005,100
Tunisia,TUN,2010,100
Tunisia,TUN,2011,100
Tunisia,TUN,2012,100
Tunisia,TUN,2013,100
Tunisia,TUN,2014,100
Tunisia,TUN,2015,100
Tunisia,TUN,2016,100
Tunisia,TUN,2017,100
Turkey,TUR,1990,100
Turkey,TUR,1995,100
Turkey,TUR,2000,100
Turkey,TUR,2005,100
Turkey,TUR,2010,100
Turkey,TUR,2011,100
Turkey,TUR,2012,100
Turkey,TUR,2013,100
Turkey,TUR,2014,100
Turkey,TUR,2015,100
Turkey,TUR,2016,100
Turkey,TUR,2017,100
Turkmenistan,TKM,1990,100
Turkmenistan,TKM,1995,100
Turkmenistan,TKM,2000,100
Turkmenistan,TKM,2005,100
Turkmenistan,TKM,2010,100
Turkmenistan,TKM,2011,100
Turkmenistan,TKM,2012,100
Turkmenistan,TKM,2013,100
Turkmenistan,TKM,2014,100
Turkmenistan,TKM,2015,100
Turkmenistan,TKM,2016,100
Turkmenistan,TKM,2017,100
Uganda,UGA,1990,100
Uganda,UGA,1995,100
Uganda,UGA,2000,100
Uganda,UGA,2005,100
Uganda,UGA,2010,100
Uganda,UGA,2011,100
Uganda,UGA,2012,100
Uganda,UGA,2013,100
Uganda,UGA,2014,100
Uganda,UGA,2015,100
Uganda,UGA,2016,100
Uganda,UGA,2017,100
Ukraine,UKR,1990,100
Ukraine,UKR,1995,100
Ukraine,UKR,2000,100
Ukraine,UKR,2005,100
Ukraine,UKR,2010,100
Ukraine,UKR,2011,100
Ukraine,UKR,2012,100
Ukraine,UKR,2013,100
Ukraine,UKR,2014,100
Ukraine,UKR,2015,100
Ukraine,UKR,2016,100
Ukraine,UKR,2017,100
United Arab Emirates,ARE,1990,100
United Arab Emirates,ARE,1995,100
United Arab Emirates,ARE,2000,100
United Arab Emirates,ARE,2005,100
United Arab Emirates,ARE,2010,100
United Arab Emirates,ARE,2011,100
United Arab Emirates,ARE,2012,100
United Arab Emirates,ARE,2013,100
United Arab Emirates,ARE,2014,100
United Arab Emirates,ARE,2015,100
United Arab Emirates,ARE,2016,100
United Arab Emirates,ARE,2017,100
United Kingdom,GBR,1990,91.139084
United Kingdom,GBR,1995,89.58046
United Kingdom,GBR,2000,88.24743
United Kingdom,GBR,2005,88.65419
United Kingdom,GBR,2010,87.50243
United Kingdom,GBR,2011,90.38215
United Kingdom,GBR,2012,84.787346
United Kingdom,GBR,2013,82.416595
United Kingdom,GBR,2014,72.06668
United Kingdom,GBR,2015,71.96349
United Kingdom,GBR,2016,67.10067
United Kingdom,GBR,2017,66.53325
United States,USA,1990,47.997738
United States,USA,1995,44.694454
United States,USA,2000,43.081345
United States,USA,2005,44.220562
United States,USA,2010,38.21303
United States,USA,2011,46.6862
United States,USA,2012,28.658081
United States,USA,2013,20.840557
United States,USA,2014,11.7312975
United States,USA,2015,8.465306
United States,USA,2016,3.3344357
United States,USA,2017,3.3431704
United States Virgin Islands,VIR,1990,50
United States Virgin Islands,VIR,1995,50
United States Virgin Islands,VIR,2000,100
United States Virgin Islands,VIR,2005,100
United States Virgin Islands,VIR,2010,100
United States Virgin Islands,VIR,2011,100
United States Virgin Islands,VIR,2012,100
United States Virgin Islands,VIR,2013,100
United States Virgin Islands,VIR,2014,50
United States Virgin Islands,VIR,2015,50
United States Virgin Islands,VIR,2016,40
United States Virgin Islands,VIR,2017,40
Upper-middle-income countries,,1990,98.79368
Upper-middle-income countries,,1995,98.74197
Upper-middle-income countries,,2000,98.88104
Upper-middle-income countries,,2005,98.81927
Upper-middle-income countries,,2010,98.93247
Upper-middle-income countries,,2011,98.9967
Upper-middle-income countries,,2012,98.52785
Upper-middle-income countries,,2013,98.21838
Upper-middle-income countries,,2014,97.383064
Upper-middle-income countries,,2015,97.102844
Upper-middle-income countries,,2016,96.2673
Upper-middle-income countries,,2017,96.25383
Uruguay,URY,1990,83.405556
Uruguay,URY,1995,84.36546
Uruguay,URY,2000,89.81683
Uruguay,URY,2005,77.48441
Uruguay,URY,2010,85.45846
Uruguay,URY,2011,93.26191
Uruguay,URY,2012,60.50843
Uruguay,URY,2013,55.389946
Uruguay,URY,2014,28.73578
Uruguay,URY,2015,26.444157
Uruguay,URY,2016,22.395243
Uruguay,URY,2017,22.385744
Uzbekistan,UZB,1990,100
Uzbekistan,UZB,1995,100
Uzbekistan,UZB,2000,100
Uzbekistan,UZB,2005,100
Uzbekistan,UZB,2010,100
Uzbekistan,UZB,2011,100
Uzbekistan,UZB,2012,100
Uzbekistan,UZB,2013,100
Uzbekistan,UZB,2014,100
Uzbekistan,UZB,2015,100
Uzbekistan,UZB,2016,100
Uzbekistan,UZB,2017,100
Vanuatu,VUT,1990,100
Vanuatu,VUT,1995,100
Vanuatu,VUT,2000,100
Vanuatu,VUT,2005,100
Vanuatu,VUT,2010,100
Vanuatu,VUT,2011,100
Vanuatu,VUT,2012,100
Vanuatu,VUT,2013,100
Vanuatu,VUT,2014,100
Vanuatu,VUT,2015,100
Vanuatu,VUT,2016,100
Vanuatu,VUT,2017,100
Venezuela,VEN,1990,100
Venezuela,VEN,1995,100
Venezuela,VEN,2000,100
Venezuela,VEN,2005,100
Venezuela,VEN,2010,100
Venezuela,VEN,2011,100
Venezuela,VEN,2012,100
Venezuela,VEN,2013,99.999916
Venezuela,VEN,2014,99.99775
Venezuela,VEN,2015,99.99509
Venezuela,VEN,2016,99.933075
Venezuela,VEN,2017,99.93366
Vietnam,VNM,1990,100
Vietnam,VNM,1995,100
Vietnam,VNM,2000,100
Vietnam,VNM,2005,100
Vietnam,VNM,2010,100
Vietnam,VNM,2011,100
Vietnam,VNM,2012,100
Vietnam,VNM,2013,100
Vietnam,VNM,2014,100
Vietnam,VNM,2015,100
Vietnam,VNM,2016,100
Vietnam,VNM,2017,100
World,OWID_WRL,1990,95.326195
World,OWID_WRL,1995,95.190605
World,OWID_WRL,2000,95.23554
World,OWID_WRL,2005,95.46715
World,OWID_WRL,2010,95.17583
World,OWID_WRL,2011,95.80211
World,OWID_WRL,2012,94.51482
World,OWID_WRL,2013,93.781425
World,OWID_WRL,2014,92.72624
World,OWID_WRL,2015,92.656075
World,OWID_WRL,2016,91.38907
World,OWID_WRL,2017,91.37286
Yemen,YEM,1990,100
Yemen,YEM,1995,100
Yemen,YEM,2000,100
Yemen,YEM,2005,100
Yemen,YEM,2010,100
Yemen,YEM,2011,100
Yemen,YEM,2012,100
Yemen,YEM,2013,100
Yemen,YEM,2014,100
Yemen,YEM,2015,100
Yemen,YEM,2016,100
Yemen,YEM,2017,100
Zambia,ZMB,1990,100
Zambia,ZMB,1995,100
Zambia,ZMB,2000,100
Zambia,ZMB,2005,100
Zambia,ZMB,2010,100
Zambia,ZMB,2011,100
Zambia,ZMB,2012,100
Zambia,ZMB,2013,100
Zambia,ZMB,2014,100
Zambia,ZMB,2015,100
Zambia,ZMB,2016,100
Zambia,ZMB,2017,100
Zimbabwe,ZWE,1990,100
Zimbabwe,ZWE,1995,100
Zimbabwe,ZWE,2000,100
Zimbabwe,ZWE,2005,100
Zimbabwe,ZWE,2010,100
Zimbabwe,ZWE,2011,100
Zimbabwe,ZWE,2012,100
Zimbabwe,ZWE,2013,100
Zimbabwe,ZWE,2014,100
Zimbabwe,ZWE,2015,100
Zimbabwe,ZWE,2016,100
Zimbabwe,ZWE,2017,100